image,plate,bbox
CarLongPlate105.jpg,51C-495.39,"[259, 193, 361, 229]"
CarLongPlate11.jpg,51F-22261,"[300, 233, 391, 268]"
CarLongPlate13.jpg,51G-495.24,"[146, 132, 268, 173]"
CarLongPlate137.jpg,51G-251.81,"[245, 203, 343, 240]"
CarLongPlate159.jpg,51F-161.59,"[132, 140, 257, 182]"
CarLongPlate185.jpg,60A-359.81,"[297, 196, 378, 225]"
CarLongPlate197.jpg,51F-069.48,"[220, 210, 305, 242]"
CarLongPlate23.jpg,51G-472.81,"[118, 127, 240, 168]"
CarLongPlate235.jpg,51F893.57,"[115, 128, 233, 169]"
CarLongPlate241.jpg,51A-052.27,"[213, 131, 307, 165]"
CarLongPlate261.jpg,51A.691.72,"[224, 185, 334, 225]"
CarLongPlate267.jpg,51F06609,"[232, 166, 345, 209]"
CarLongPlate299.jpg,P.5688,"[196, 185, 295, 225]"
CarLongPlate323.jpg,G-102.09,"[98, 225, 208, 264]"
CarLongPlate359.jpg,51F-617.12,"[206, 207, 291, 242]"
CarLongPlate371.jpg,51A.691.72,"[188, 143, 311, 186]"
CarLongPlate377.jpg,51G.513.32,"[196, 134, 320, 178]"
CarLongPlate393.jpg,93LD-001.03,"[296, 244, 387, 275]"
CarLongPlate405.jpg,51F-065.32,"[111, 152, 234, 196]"
CarLongPlate435.jpg,516.394.66,"[252, 184, 357, 224]"
CarLongPlate449.jpg,51A.691.72,"[235, 197, 347, 238]"
CarLongPlate455.jpg,51G-102.09,"[219, 194, 332, 235]"
CarLongPlate47.jpg,51A.012.04,"[247, 145, 351, 183]"
CarLongPlate551.jpg,51F-882.70,"[140, 217, 254, 255]"
CarLongPlate563.jpg,51G-216.70,"[140, 85, 256, 124]"
CarLongPlate571.jpg,51F-079.73,"[190, 127, 313, 170]"
CarLongPlate603.jpg,51F-646.65,"[132, 171, 248, 210]"
CarLongPlate615.jpg,51A.897.14,"[232, 164, 333, 202]"
CarLongPlate645.jpg,51F-069.48,"[257, 188, 342, 221]"
CarLongPlate659.jpg,51F-222.61,"[155, 194, 263, 231]"
CarLongPlate689.jpg,61A-229.59,"[240, 210, 354, 248]"
CarLongPlate709.jpg,51F-446.14,"[191, 116, 311, 159]"
CarLongPlate713.jpg,51F-446.14,"[211, 197, 322, 236]"
CarLongPlate735.jpg,F-582.50,"[204, 201, 294, 239]"
CarLongPlate747.jpg,G-519.36,"[196, 195, 304, 232]"
CarLongPlate757.jpg,51G-491.60,"[200, 201, 309, 238]"
CarLongPlate771.jpg,51B-216.66,"[98, 80, 218, 119]"
CarLongPlate777.jpg,48A-051.77,"[241, 171, 343, 208]"
CarLongPlate813.jpg,51F-598.81,"[186, 98, 300, 142]"
CarLongPlate827.jpg,51F-630.34,"[307, 233, 395, 266]"
CarLongPlate833.jpg,51F-356.13,"[158, 125, 282, 167]"
CarLongPlate859.jpg,86A-066.42,"[118, 16, 220, 54]"
CarLongPlate873.jpg,51F-155.85,"[157, 181, 270, 222]"
CarLongPlate9.jpg,51F-155.85,"[286, 224, 374, 257]"
CarLongPlate91.jpg,51G.513.32,"[200, 210, 310, 248]"
CarLongPlate931.jpg,51F-630.34,"[164, 229, 277, 266]"
CarLongPlate963.jpg,51F-048.77,"[141, 214, 247, 249]"
CarLongPlate975.jpg,51G.519.36,"[189, 211, 299, 248]"
CarLongPlate985.jpg,51G-481.54,"[149, 211, 260, 247]"
CarLongPlateGen1015.jpg,29A-517.96,"[139, 93, 258, 138]"
CarLongPlateGen1047.jpg,51F-687.84,"[140, 214, 252, 250]"
CarLongPlateGen1061.jpg,51A.052.27,"[279, 218, 365, 251]"
CarLongPlateGen1069.jpg,51C-394.66,"[311, 246, 402, 284]"
CarLongPlateGen1091.jpg,51A-897.14,"[279, 230, 368, 264]"
CarLongPlateGen1101.jpg,51G-316.91,"[149, 120, 270, 160]"
CarLongPlateGen1125.jpg,50LD-044.11,"[275, 245, 368, 277]"
CarLongPlateGen1141.jpg,51A-01204,"[235, 136, 332, 173]"
CarLongPlateGen1151.jpg,51F88270,"[213, 189, 326, 227]"
CarLongPlateGen1167.jpg,51C-376.75,"[160, 257, 278, 295]"
CarLongPlateGen1177.jpg,51G.513.32,"[221, 227, 339, 267]"
CarLongPlateGen1195.jpg,51F-207.54,"[197, 134, 309, 172]"
CarLongPlateGen1207.jpg,51F-065.32,"[189, 239, 309, 281]"
CarLongPlateGen1213.jpg,51A.853.25,"[257, 244, 346, 275]"
CarLongPlateGen1229.jpg,516-394.66,"[284, 250, 378, 285]"
CarLongPlateGen1239.jpg,51F-630.34,"[287, 232, 376, 265]"
CarLongPlateGen1257.jpg,51G.376.75,"[150, 128, 266, 169]"
CarLongPlateGen1273.jpg,51C-006.72,"[295, 224, 383, 258]"
CarLongPlateGen1289.jpg,51F-311.18,"[174, 105, 291, 147]"
CarLongPlateGen1293.jpg,51G.505.53,"[132, 65, 246, 108]"
CarLongPlateGen1307.jpg,51F-065.32,"[132, 150, 251, 191]"
CarLongPlateGen1311.jpg,51F-220.29,"[134, 72, 256, 113]"
CarLongPlateGen1349.jpg,51F-24403,"[226, 184, 327, 222]"
CarLongPlateGen1363.jpg,60A-359.81,"[250, 166, 355, 204]"
CarLongPlateGen1377.jpg,51F-574.93,"[210, 187, 320, 227]"
CarLongPlateGen1407.jpg,51F-73029,"[195, 99, 284, 133]"
CarLongPlateGen1407.jpg,51F-73029,"[195, 99, 284, 133]"
CarLongPlateGen143.jpg,51P-073,"[243, 182, 300, 204]"
CarLongPlateGen1437.jpg,51F-244.03,"[159, 136, 276, 174]"
CarLongPlateGen15.jpg,29A.517.96,"[118, 114, 182, 138]"
CarLongPlateGen1537.jpg,60A-359.81,"[259, 166, 358, 202]"
CarLongPlateGen157.jpg,51F83034,"[227, 187, 301, 208]"
CarLongPlateGen1589.jpg,86A.068.44,"[260, 207, 364, 243]"
CarLongPlateGen1611.jpg,51G-394.66,"[169, 142, 292, 182]"
CarLongPlateGen1619.jpg,61A-229.59,"[161, 118, 280, 159]"
CarLongPlateGen1635.jpg,61A-395.34,"[162, 106, 282, 150]"
CarLongPlateGen165.jpg,GIA22959,"[275, 133, 338, 156]"
CarLongPlateGen1663.jpg,51F-311.18,"[145, 46, 254, 87]"
CarLongPlateGen169.jpg,51A-89714,"[204, 184, 266, 210]"
CarLongPlateGen1699.jpg,51F-069.48,"[211, 156, 318, 194]"
CarLongPlateGen1731.jpg,51A-72110,"[214, 200, 327, 241]"
CarLongPlateGen1741.jpg,IF-446.14,"[210, 184, 307, 221]"
CarLongPlateGen1759.jpg,51F-590.11,"[105, 249, 221, 288]"
CarLongPlateGen1767.jpg,51F-042.75,"[199, 211, 302, 244]"
CarLongPlateGen1785.jpg,50LD-044.11,"[103, 203, 212, 237]"
CarLongPlateGen1793.jpg,51B-216.66,"[100, 81, 217, 119]"
CarLongPlateGen1823.jpg,51G-510.08,"[159, 202, 267, 239]"
CarLongPlateGen1839.jpg,51F-882.70,"[265, 240, 357, 273]"
CarLongPlateGen1849.jpg,51F-356.13,"[159, 125, 280, 166]"
CarLongPlateGen1863.jpg,51F-155.85,"[149, 84, 263, 124]"
CarLongPlateGen1893.jpg,51F-778.36,"[143, 104, 256, 143]"
CarLongPlateGen1907.jpg,51G-100.96,"[300, 193, 381, 225]"
CarLongPlateGen1919.jpg,51F-590.11,"[162, 167, 281, 207]"
CarLongPlateGen1931.jpg,61F-079.73,"[212, 187, 321, 222]"
CarLongPlateGen1947.jpg,51A-72110,"[235, 188, 338, 225]"
CarLongPlateGen1959.jpg,1G-513.32,"[207, 180, 311, 219]"
CarLongPlateGen1973.jpg,51G.205.36,"[209, 152, 310, 187]"
CarLongPlateGen1987.jpg,51G.481.54,"[227, 176, 329, 214]"
CarLongPlateGen1995.jpg,50Z-0618,"[151, 179, 254, 217]"
CarLongPlateGen2019.jpg,448A-028.66,"[282, 274, 387, 303]"
CarLongPlateGen203.jpg,50LD-044-11,"[220, 205, 292, 230]"
CarLongPlateGen2041.jpg,51F-795.12,"[79, 212, 223, 264]"
CarLongPlateGen2055.jpg,51A.052.27,"[298, 187, 412, 235]"
CarLongPlateGen2065.jpg,48A-051.77,"[175, 87, 303, 138]"
CarLongPlateGen2103.jpg,51F324.88,"[233, 224, 331, 259]"
CarLongPlateGen2111.jpg,COLD.01/11,"[293, 282, 406, 303]"
CarLongPlateGen2139.jpg,56S-4698,"[236, 176, 368, 245]"
CarLongPlateGen2177.jpg,51F-207.54,"[184, 70, 296, 115]"
CarLongPlateGen2197.jpg,51G-290.34,"[218, 196, 361, 249]"
CarLongPlateGen2221.jpg,60A-208.80,"[87, 115, 231, 161]"
CarLongPlateGen2237.jpg,5DZ-1630,"[89, 50, 239, 93]"
CarLongPlateGen2261.jpg,51G-495.39,"[172, 44, 309, 106]"
CarLongPlateGen2269.jpg,50LD-044.11,"[185, 110, 323, 157]"
CarLongPlateGen2293.jpg,51F-07973,"[231, 193, 362, 239]"
CarLongPlateGen23.jpg,FRESH,"[254, 173, 294, 194]"
CarLongPlateGen2309.jpg,51A-897.14,"[220, 121, 357, 173]"
CarLongPlateGen2315.jpg,60A-038.68,"[172, 199, 303, 247]"
CarLongPlateGen2337.jpg,51G-006.72,"[234, 155, 345, 200]"
CarLongPlateGen2345.jpg,51F-747.76,"[221, 194, 355, 250]"
CarLongPlateGen2349.jpg,51F-07973,"[137, 236, 244, 278]"
CarLongPlateGen2353.jpg,8965,"[251, 180, 327, 246]"
CarLongPlateGen2375.jpg,51A.775.29,"[259, 96, 371, 143]"
CarLongPlateGen2389.jpg,51F882.70,"[135, 18, 262, 105]"
CarLongPlateGen2415.jpg,51F-646.19,"[184, 24, 330, 121]"
CarLongPlateGen2443.jpg,51G.394.66,"[245, 183, 385, 231]"
CarLongPlateGen2455.jpg,869.869.88,"[169, 164, 298, 212]"
CarLongPlateGen2467.jpg,51A-961.41,"[226, 200, 383, 254]"
CarLongPlateGen2473.jpg,51F-244.03,"[206, 216, 320, 255]"
CarLongPlateGen249.jpg,BIRIZZZI,"[303, 192, 351, 212]"
CarLongPlateGen2509.jpg,51F-311.18,"[212, 159, 336, 200]"
CarLongPlateGen2575.jpg,51A.691.72,"[120, 114, 241, 161]"
CarLongPlateGen2605.jpg,51F-311.18,"[133, 45, 269, 87]"
CarLongPlateGen261.jpg,50Z-1630,"[177, 118, 232, 142]"
CarLongPlateGen2619.jpg,51A-720.78,"[125, 176, 291, 235]"
CarLongPlateGen2635.jpg,51A.012.04,"[209, 200, 333, 268]"
CarLongPlateGen2663.jpg,51A-897.14,"[200, 208, 340, 265]"
CarLongPlateGen267.jpg,51F-59011,"[224, 155, 283, 180]"
CarLongPlateGen269.jpg,52P-5688,"[130, 130, 191, 153]"
CarLongPlateGen2705.jpg,51F-161.59,"[141, 129, 308, 174]"
CarLongPlateGen2721.jpg,51F-491.42,"[319, 234, 426, 275]"
CarLongPlateGen2727.jpg,51G-100.96,"[196, 81, 309, 139]"
CarLongPlateGen2745.jpg,51A.720.78,"[213, 115, 341, 164]"
CarLongPlateGen2765.jpg,51F-882.70,"[247, 233, 366, 272]"
CarLongPlateGen2779.jpg,51F-446.14,"[254, 202, 363, 237]"
CarLongPlateGen2791.jpg,60A-359.81,"[296, 194, 390, 226]"
CarLongPlateGen2799.jpg,51F-212.55,"[136, 171, 277, 254]"
CarLongPlateGen2813.jpg,51F-778.36,"[108, 19, 241, 69]"
CarLongPlateGen2839.jpg,51F-598.81,"[135, 182, 275, 225]"
CarLongPlateGen285.jpg,484-061.77,"[235, 195, 281, 216]"
CarLongPlateGen2865.jpg,51F44614,"[246, 98, 359, 143]"
CarLongPlateGen2883.jpg,51G-205.36,"[231, 216, 357, 264]"
CarLongPlateGen2899.jpg,51F-212.55,"[221, 171, 345, 225]"
CarLongPlateGen2903.jpg,51F-278.09,"[225, 137, 346, 199]"
CarLongPlateGen291.jpg,51837302,"[202, 173, 257, 195]"
CarLongPlateGen2927.jpg,510-22807,"[122, 152, 238, 225]"
CarLongPlateGen293.jpg,510-505.53,"[118, 140, 180, 164]"
CarLongPlateGen2949.jpg,51A96141,"[163, 211, 282, 276]"
CarLongPlateGen297.jpg,(51842340,"[253, 146, 303, 165]"
CarLongPlateGen2983.jpg,51F-882.70,"[321, 175, 411, 242]"
CarLongPlateGen3013.jpg,51F-22261,"[274, 247, 367, 300]"
CarLongPlateGen3041.jpg,51A-05227,"[229, 156, 326, 216]"
CarLongPlateGen3055.jpg,F-76354,"[217, 168, 324, 235]"
CarLongPlateGen3061.jpg,56S-4698,"[218, 151, 322, 192]"
CarLongPlateGen3093.jpg,51F-590.11,"[212, 194, 324, 246]"
CarLongPlateGen3101.jpg,5IF-207-54,"[196, 113, 300, 181]"
CarLongPlateGen3125.jpg,51A.052.27,"[149, 52, 261, 112]"
CarLongPlateGen3137.jpg,51F-617.12,"[205, 72, 322, 134]"
CarLongPlateGen3155.jpg,60A-038.68,"[193, 126, 319, 198]"
CarLongPlateGen3173.jpg,51F-590.11,"[280, 233, 377, 284]"
CarLongPlateGen3201.jpg,516-47340,"[123, 71, 235, 137]"
CarLongPlateGen3217.jpg,51F-22029,"[238, 210, 336, 263]"
CarLongPlateGen323.jpg,5IF-07973,"[222, 132, 281, 156]"
CarLongPlateGen3233.jpg,51G-42971,"[203, 183, 310, 246]"
CarLongPlateGen325.jpg,6IF-812,"[231, 129, 289, 153]"
CarLongPlateGen3265.jpg,516-61332,"[203, 190, 305, 262]"
CarLongPlateGen3283.jpg,71F-574.93,"[197, 172, 302, 225]"
CarLongPlateGen3297.jpg,51F-207.54,"[197, 143, 311, 183]"
CarLongPlateGen331.jpg,511-630-14,"[242, 144, 314, 166]"
CarLongPlateGen3339.jpg,610-102.09,"[146, 131, 263, 216]"
CarLongPlateGen3345.jpg,61F-155.85,"[142, 74, 251, 160]"
CarLongPlateGen337.jpg,51F-161.59,"[266, 148, 329, 172]"
CarLongPlateGen3401.jpg,51F-88270,"[243, 156, 348, 231]"
CarLongPlateGen3429.jpg,51A-111.22,"[232, 191, 346, 242]"
CarLongPlateGen3437.jpg,51F-22261,"[242, 120, 343, 186]"
CarLongPlateGen3455.jpg,316-216.70,"[82, 196, 201, 256]"
CarLongPlateGen3467.jpg,51A-012-04,"[156, 141, 261, 208]"
CarLongPlateGen3479.jpg,51G-21748,"[180, 213, 297, 268]"
CarLongPlateGen3541.jpg,516-513.32,"[172, 134, 301, 192]"
CarLongPlateGen3559.jpg,F49142,"[212, 169, 320, 219]"
CarLongPlateGen3569.jpg,51A-96141,"[121, 177, 232, 250]"
CarLongPlateGen3577.jpg,511-44814,"[221, 184, 322, 253]"
CarLongPlateGen3593.jpg,5IC-59323,"[245, 142, 361, 197]"
CarLongPlateGen3603.jpg,30V-3993,"[114, 207, 236, 260]"
CarLongPlateGen3623.jpg,51F-161.59,"[214, 193, 328, 260]"
CarLongPlateGen3645.jpg,51F44614,"[220, 180, 336, 242]"
CarLongPlateGen3661.jpg,51F-222.61,"[231, 170, 339, 214]"
CarLongPlateGen37.jpg,52Y-6491,"[157, 156, 211, 180]"
CarLongPlateGen3713.jpg,51G-473.40,"[224, 217, 334, 256]"
CarLongPlateGen3739.jpg,51F-079.73,"[171, 128, 300, 184]"
CarLongPlateGen375.jpg,5IA77529,"[180, 153, 241, 179]"
CarLongPlateGen3759.jpg,51F-44614,"[115, 87, 228, 162]"
CarLongPlateGen377.jpg,61F-62601,"[223, 167, 284, 189]"
CarLongPlateGen3789.jpg,FIF13251,"[253, 224, 344, 274]"
CarLongPlateGen3799.jpg,51F-77836,"[223, 232, 313, 290]"
CarLongPlateGen381.jpg,1,"[223, 89, 269, 110]"
CarLongPlateGen3847.jpg,61A-229.59,"[192, 160, 296, 199]"
CarLongPlateGen3869.jpg,60A-359.81,"[154, 163, 258, 211]"
CarLongPlateGen3879.jpg,51F-789.04,"[115, 219, 233, 276]"
CarLongPlateGen3889.jpg,29A-239.50,"[141, 156, 246, 210]"
CarLongPlateGen417.jpg,STEPTARD,"[229, 177, 276, 196]"
CarLongPlateGen437.jpg,SIEZZELLO,"[222, 128, 279, 148]"
CarLongPlateGen45.jpg,5IF-79512,"[143, 230, 207, 254]"
CarLongPlateGen465.jpg,51A-775.29,"[222, 148, 281, 173]"
CarLongPlateGen471.jpg,1,"[262, 188, 309, 208]"
CarLongPlateGen477.jpg,51G21670,"[136, 186, 196, 209]"
CarLongPlateGen487.jpg,51106448,"[224, 143, 289, 164]"
CarLongPlateGen501.jpg,869.88,"[238, 166, 294, 191]"
CarLongPlateGen515.jpg,BIARBIZE,"[261, 156, 320, 176]"
CarLongPlateGen549.jpg,162A-055167,"[247, 205, 317, 227]"
CarLongPlateGen575.jpg,SIATURGE,"[174, 173, 224, 194]"
CarLongPlateGen575.jpg,SIATURGE,"[174, 173, 224, 194]"
CarLongPlateGen589.jpg,ARAGANA,"[211, 170, 267, 190]"
CarLongPlateGen625.jpg,DIAGOTAL,"[167, 170, 240, 193]"
CarLongPlateGen661.jpg,616-42661,"[197, 146, 261, 168]"
CarLongPlateGen667.jpg,HUA-U-A-BE,"[181, 143, 246, 164]"
CarLongPlateGen677.jpg,17244111,"[206, 166, 251, 186]"
CarLongPlateGen691.jpg,51G21670,"[200, 193, 262, 216]"
CarLongPlateGen701.jpg,3993,"[238, 129, 307, 154]"
CarLongPlateGen721.jpg,51C-10209,"[242, 132, 294, 155]"
CarLongPlateGen733.jpg,51A-96141,"[239, 181, 313, 204]"
CarLongPlateGen75.jpg,BUSING,"[200, 170, 247, 190]"
CarLongPlateGen757.jpg,6IF-22251,"[271, 137, 331, 158]"
CarLongPlateGen763.jpg,5IF-54011,"[182, 190, 247, 214]"
CarLongPlateGen791.jpg,GREEN,"[264, 140, 309, 161]"
CarLongPlateGen807.jpg,516-47340],"[156, 207, 227, 229]"
CarLongPlateGen819.jpg,51.77522,"[204, 176, 252, 198]"
CarLongPlateGen833.jpg,GIA01204,"[248, 132, 303, 152]"
CarLongPlateGen845.jpg,STATES,"[257, 180, 299, 199]"
CarLongPlateGen859.jpg,610-51332,"[240, 114, 312, 139]"
CarLongPlateGen881.jpg,51F-69259,"[221, 110, 292, 136]"
CarLongPlateGen905.jpg,30V-3993,"[207, 141, 283, 165]"
CarLongPlateGen911.jpg,HOA-35H81,"[214, 93, 281, 114]"
CarLongPlateGen935.jpg,51A55424,"[192, 181, 255, 205]"
CarLongPlateGen945.jpg,61F-35813,"[222, 166, 275, 190]"
CarLongPlateGen961.jpg,511-15585,"[223, 90, 276, 113]"
CarLongPlateGen995.jpg,GIIZ-OSIA,"[225, 169, 276, 190]"
boderngoaigiao1.jpg,80-NG-6,"[257, 168, 322, 206]"
boderngoaigiao5.jpg,41-501-NG-08,"[222, 230, 299, 255]"
boderquandoi1.jpg,ACRIBIS,"[261, 238, 293, 256]"
boderquandoi105.jpg,M,"[306, 361, 330, 385]"
boderquandoi105.jpg,M,"[306, 361, 330, 382]"
boderquandoi15.jpg,BC-25-71,"[189, 278, 226, 299]"
boderquandoi67.jpg,.,"[97, 92, 115, 109]"
boderquandoi75.jpg,BH-54-42,"[190, 404, 249, 429]"
boderquandoi91.jpg,-,"[319, 237, 350, 256]"
boderquandoi91.jpg,M,"[432, 209, 458, 229]"
boderquandoi91.jpg,E,"[238, 158, 265, 175]"
boderquandoi91.jpg,II,"[237, 155, 263, 172]"
brightnessngoaigiao5.jpg,41-501-NG-08,"[218, 299, 344, 340]"
brightnessquandoi109.jpg,011-38-04,"[303, 329, 346, 354]"
brightnessquandoi19.jpg,KP-31-62,"[136, 204, 188, 228]"
brightnessquandoi55.jpg,TH72-20,"[257, 193, 323, 221]"
brightnessquandoi85.jpg,52-43,"[181, 258, 219, 289]"
brightnessquandoi85.jpg,IIII,"[422, 272, 448, 294]"
cropngoaigiao7.jpg,9798,"[833, 231, 893, 305]"
cropngoaigiao7.jpg,6-NG-16,"[0, 65, 65, 129]"
cropquandoi67.jpg,23:66,"[100, 108, 134, 144]"
cropquandoi85.jpg,H,"[162, 353, 201, 384]"
ngoaigiao11.jpg,80-NG-376-14,"[177, 285, 310, 350]"
ngoaigiao11.jpg,29A-439.14,"[41, 157, 103, 190]"
quandoi103.jpg,KC,"[64, 327, 122, 377]"
quandoi45.jpg,TH-49-95,"[147, 273, 213, 308]"
quandoi65.jpg,BH-54-23,"[280, 244, 329, 268]"
quandoi65.jpg,8-52-42,"[460, 239, 493, 259]"
quandoi71.jpg,TH-52-73,"[194, 112, 412, 179]"
quandoi75.jpg,BH-54-42,"[141, 444, 220, 480]"
quandoi83.jpg,BH-52-40,"[342, 296, 399, 323]"
quandoi83.jpg,-,"[548, 307, 598, 334]"
quandoi95.jpg,BH-52-50,"[241, 266, 309, 295]"
quandoi95.jpg,10:38:24,"[499, 290, 536, 311]"
rotatequandoi1.jpg,TH-86-72,"[226, 230, 274, 262]"
rotatequandoi13.jpg,QA-16-05,"[613, 518, 723, 580]"
rotatequandoi27.jpg,KA-74-36,"[203, 211, 262, 247]"
rotatequandoi55.jpg,TH-72-20,"[268, 163, 334, 204]"
rotatequandoi7.jpg,KC-57-04,"[12, 156, 56, 189]"
rotatequandoi97.jpg,BH-52-50,"[1246, 826, 1364, 904]"
xemay1007.jpg,59.M1,"[244, 131, 339, 218]"
xemay1015.jpg,751.98,"[137, 103, 225, 176]"
xemay1037.jpg,696.60,"[230, 92, 335, 187]"
xemay1049.jpg,55613,"[156, 95, 260, 188]"
xemay1061.jpg,194.55,"[143, 101, 242, 184]"
xemay1077.jpg,67-81,"[145, 125, 247, 212]"
xemay109.jpg,598.97,"[146, 90, 242, 174]"
xemay1107.jpg,59.N1,"[164, 123, 262, 205]"
xemay1127.jpg,154.61,"[182, 140, 285, 225]"
xemay113.jpg,59.F1,"[166, 163, 263, 244]"
xemay1157.jpg,54.H3,"[122, 84, 226, 172]"
xemay1167.jpg,54.98,"[139, 101, 243, 193]"
xemay1183.jpg,22155,"[176, 113, 278, 201]"
xemay1207.jpg,62-K8,"[178, 69, 279, 156]"
xemay1211.jpg,10882,"[196, 54, 297, 141]"
xemay1215.jpg,392.72,"[205, 92, 309, 180]"
xemay1233.jpg,51.X9,"[210, 80, 315, 174]"
xemay1259.jpg,674.52,"[132, 63, 230, 146]"
xemay1295.jpg,3244,"[139, 131, 245, 219]"
xemay1317.jpg,93.81,"[170, 18, 270, 110]"
xemay1349.jpg,495.73,"[117, 89, 221, 178]"
xemay1363.jpg,27242,"[163, 86, 263, 172]"
xemay1379.jpg,43017,"[116, 67, 219, 153]"
xemay1401.jpg,54-U3,"[176, 65, 280, 157]"
xemay143.jpg,206.13,"[193, 107, 292, 190]"
xemay1457.jpg,415.16,"[151, 220, 251, 299]"
xemay1501.jpg,62-N1,"[175, 32, 265, 110]"
xemay1511.jpg,59-11,"[194, 129, 289, 212]"
xemay1521.jpg,0050,"[165, 59, 267, 148]"
xemay1525.jpg,59.M1,"[194, 123, 280, 196]"
xemay1551.jpg,65-L1,"[222, 78, 326, 173]"
xemay1561.jpg,59-K1,"[190, 136, 294, 227]"
xemay1569.jpg,0133,"[141, 51, 236, 130]"
xemay1591.jpg,677.90,"[158, 98, 262, 185]"
xemay1599.jpg,26685,"[166, 198, 267, 281]"
xemay1613.jpg,59-11,"[180, 159, 280, 243]"
xemay1627.jpg,59-VZ,"[238, 157, 330, 239]"
xemay1651.jpg,219.26,"[189, 0, 286, 82]"
xemay1665.jpg,B146,"[258, 137, 348, 223]"
xemay1671.jpg,59-P2,"[169, 156, 262, 232]"
xemay1679.jpg,59.11,"[226, 107, 331, 203]"
xemay1683.jpg,51R3,"[185, 131, 293, 221]"
xemay1689.jpg,175.61,"[189, 124, 286, 206]"
xemay1693.jpg,79-H3,"[148, 115, 254, 205]"
xemay1699.jpg,52-M9,"[175, 71, 282, 162]"
xemay1713.jpg,58447,"[120, 143, 213, 218]"
xemay1723.jpg,59-E1,"[169, 97, 271, 183]"
xemay1735.jpg,52-Y6,"[159, 71, 256, 159]"
xemay1757.jpg,59-F1,"[159, 148, 231, 205]"
xemay1763.jpg,138.60,"[157, 89, 237, 147]"
xemay1791.jpg,832-37,"[186, 116, 259, 177]"
xemay1803.jpg,59-11,"[241, 122, 318, 190]"
xemay1817.jpg,60-87,"[162, 103, 235, 164]"
xemay1845.jpg,87515,"[159, 106, 224, 158]"
xemay1859.jpg,33202,"[193, 130, 245, 172]"
xemay1869.jpg,8964,"[240, 88, 298, 134]"
xemay1899.jpg,59P1,"[155, 156, 218, 196]"
xemay1929.jpg,16711,"[183, 119, 255, 179]"
xemay1941.jpg,737231,"[204, 142, 252, 176]"
xemay1959.jpg,55-X1,"[229, 143, 285, 193]"
xemay1983.jpg,366.38,"[132, 96, 190, 140]"
xemay1999.jpg,36423,"[249, 170, 303, 211]"
xemay2021.jpg,28032,"[189, 181, 240, 220]"
xemay2031.jpg,9591,"[157, 120, 221, 172]"
xemay2055.jpg,60529,"[161, 113, 220, 157]"
xemay207.jpg,297.29,"[209, 119, 306, 205]"
xemay2089.jpg,18589,"[236, 114, 289, 156]"
xemay2095.jpg,59-V14,"[215, 137, 267, 181]"
xemay2119.jpg,175.50,"[177, 93, 226, 140]"
xemay2123.jpg,78848,"[226, 183, 281, 226]"
xemay215.jpg,200.23,"[184, 159, 278, 241]"
xemay217.jpg,28032,"[170, 136, 274, 224]"
xemay2179.jpg,64417,"[215, 122, 277, 161]"
xemay221.jpg,129.03,"[130, 126, 228, 208]"
xemay2237.jpg,766.N1,"[185, 216, 248, 270]"
xemay2253.jpg,03055,"[233, 185, 292, 229]"
xemay2271.jpg,TAKS,"[230, 150, 278, 187]"
xemay231.jpg,59-X1,"[167, 171, 270, 255]"
xemay2339.jpg,43840,"[133, 119, 184, 155]"
xemay2363.jpg,3670,"[170, 113, 229, 166]"
xemay2367.jpg,67791,"[225, 166, 306, 216]"
xemay2379.jpg,3.79.21,"[173, 75, 227, 118]"
xemay2395.jpg,312.15,"[226, 188, 306, 250]"
xemay2415.jpg,RR,"[144, 128, 193, 164]"
xemay2433.jpg,52-U6,"[132, 114, 194, 152]"
xemay2471.jpg,97457,"[176, 158, 251, 212]"
xemay29.jpg,30541,"[229, 112, 319, 195]"
xemay307.jpg,227.67,"[190, 125, 295, 212]"
xemay345.jpg,B101,"[167, 93, 247, 163]"
xemay35.jpg,695.75,"[165, 138, 254, 211]"
xemay37.jpg,15723,"[153, 47, 245, 126]"
xemay377.jpg,217.04,"[125, 131, 222, 214]"
xemay393.jpg,59.18,"[175, 114, 252, 181]"
xemay401.jpg,61.01,"[156, 120, 256, 202]"
xemay415.jpg,3664,"[166, 148, 265, 228]"
xemay435.jpg,59.P1,"[205, 162, 307, 248]"
xemay445.jpg,72-K1,"[161, 106, 257, 189]"
xemay451.jpg,83.H6,"[161, 66, 254, 147]"
xemay461.jpg,3211,"[181, 65, 274, 145]"
xemay485.jpg,370.11,"[178, 64, 279, 151]"
xemay491.jpg,59.C1,"[201, 60, 278, 125]"
xemay5.jpg,59-T1,"[164, 44, 254, 123]"
xemay531.jpg,55-P6,"[176, 118, 283, 208]"
xemay547.jpg,59-11,"[215, 139, 313, 222]"
xemay557.jpg,43-01,"[235, 163, 332, 246]"
xemay573.jpg,59-E1,"[145, 75, 239, 155]"
xemay619.jpg,438.20,"[166, 88, 271, 177]"
xemay633.jpg,61776,"[162, 34, 251, 114]"
xemay647.jpg,59.93,"[236, 67, 338, 160]"
xemay657.jpg,54-R2,"[208, 106, 306, 191]"
xemay691.jpg,63-82,"[193, 97, 297, 185]"
xemay713.jpg,59-X1,"[159, 67, 248, 145]"
xemay75.jpg,59.34,"[177, 149, 260, 220]"
xemay759.jpg,52.F3,"[151, 100, 252, 186]"
xemay771.jpg,713.64,"[167, 47, 256, 125]"
xemay775.jpg,60-89,"[173, 93, 252, 163]"
xemay795.jpg,9102,"[142, 148, 242, 228]"
xemay805.jpg,139.38,"[172, 113, 269, 198]"
xemay817.jpg,54-T2,"[155, 38, 256, 125]"
xemay847.jpg,59.V2,"[185, 71, 285, 159]"
xemay879.jpg,6177,"[183, 112, 262, 178]"
xemay887.jpg,59-W143,"[167, 86, 276, 178]"
xemay91.jpg,81846,"[190, 87, 283, 168]"
xemay939.jpg,11557,"[218, 68, 304, 147]"
xemay965.jpg,59-P1,"[183, 105, 287, 195]"
xemay987.jpg,59-M1,"[257, 113, 366, 212]"
xemay997.jpg,435.H1,"[169, 63, 261, 139]"
xemayBigPlate107.jpg,0735,"[204, 201, 336, 306]"
xemayBigPlate11.jpg,65-X4,"[214, 203, 346, 302]"
xemayBigPlate133.jpg,053.83,"[227, 269, 371, 376]"
xemayBigPlate193.jpg,1990,"[133, 197, 348, 354]"
xemayBigPlate211.jpg,65-R1,"[152, 147, 382, 327]"
xemayBigPlate33.jpg,83-H2,"[182, 227, 323, 329]"
xemayBigPlate55.jpg,66-H1,"[285, 259, 438, 362]"
xemayBigPlate83.jpg,092.31,"[173, 223, 326, 336]"
CarLongPlate109.jpg,51A.012.04,"[210, 223, 297, 257]"
CarLongPlate119.jpg,51A-85325,"[215, 181, 325, 222]"
CarLongPlate135.jpg,51G-228.07,"[112, 145, 229, 183]"
CarLongPlate141.jpg,51F-598.81,"[292, 234, 381, 267]"
CarLongPlate179.jpg,43A-186.50,"[276, 245, 365, 279]"
CarLongPlate191.jpg,51F-075.68,"[191, 146, 314, 189]"
CarLongPlate223.jpg,51A.654.74,"[214, 142, 310, 175]"
CarLongPlate233.jpg,60LD-005.84,"[275, 226, 365, 259]"
CarLongPlate237.jpg,51F-220.29,"[133, 71, 257, 115]"
CarLongPlate25.jpg,51F-155.85,"[175, 96, 293, 139]"
CarLongPlate265.jpg,51F-161.59,"[230, 223, 349, 265]"
CarLongPlate271.jpg,51A-897.14,"[226, 162, 327, 199]"
CarLongPlate311.jpg,51G-316.91,"[219, 177, 330, 214]"
CarLongPlate343.jpg,51F-730.29,"[194, 99, 284, 134]"
CarLongPlate367.jpg,51F882.70,"[149, 124, 273, 166]"
CarLongPlate375.jpg,51G-510.08,"[201, 92, 316, 134]"
CarLongPlate379.jpg,51A-961.41,"[191, 225, 303, 264]"
CarLongPlate401.jpg,51F-795.12,"[206, 204, 317, 240]"
CarLongPlate41.jpg,51A-052.27,"[249, 163, 353, 200]"
CarLongPlate445.jpg,51G.519.36,"[211, 220, 300, 253]"
CarLongPlate451.jpg,51F-161.59,"[204, 203, 315, 242]"
CarLongPlate459.jpg,52Z-9755,"[229, 201, 338, 243]"
CarLongPlate529.jpg,51G-100.96,"[219, 113, 316, 150]"
CarLongPlate557.jpg,51A.052.27,"[167, 89, 282, 130]"
CarLongPlate57.jpg,29A-517.96,"[138, 92, 259, 139]"
CarLongPlate581.jpg,51G-373.07,"[138, 114, 255, 155]"
CarLongPlate609.jpg,51G-274.71,"[96, 137, 217, 178]"
CarLongPlate629.jpg,51A-961.41,"[120, 251, 234, 290]"
CarLongPlate649.jpg,51F-155.85,"[198, 152, 298, 187]"
CarLongPlate683.jpg,51F-630.34,"[245, 194, 355, 233]"
CarLongPlate69.jpg,51A.691.72,"[212, 170, 313, 208]"
CarLongPlate711.jpg,51F-446.14,"[211, 160, 313, 197]"
CarLongPlate715.jpg,29A-517.96,"[193, 197, 305, 238]"
CarLongPlate743.jpg,51F-026.87,"[217, 195, 328, 234]"
CarLongPlate755.jpg,51G-491.60,"[121, 236, 236, 276]"
CarLongPlate77.jpg,51G.376.75,"[154, 238, 267, 276]"
CarLongPlate775.jpg,51G-100.96,"[218, 118, 311, 153]"
CarLongPlate81.jpg,51A-72110,"[205, 226, 322, 266]"
CarLongPlate815.jpg,51A.012.04,"[193, 76, 307, 117]"
CarLongPlate829.jpg,51A-691.72,"[305, 255, 397, 289]"
CarLongPlate845.jpg,51F-161.59,"[270, 248, 362, 283]"
CarLongPlate863.jpg,51F-789.04,"[138, 156, 260, 196]"
CarLongPlate879.jpg,51F-155.85,"[274, 215, 362, 248]"
CarLongPlate901.jpg,51A.897.14,"[278, 230, 369, 265]"
CarLongPlate927.jpg,51F-617.12,"[194, 142, 294, 182]"
CarLongPlate933.jpg,51A.691.72,"[146, 206, 255, 244]"
CarLongPlate965.jpg,A.066.42,"[103, 227, 212, 265]"
CarLongPlate981.jpg,51F-132.51,"[141, 218, 253, 256]"
CarLongPlateGen1003.jpg,51A.654.74,"[214, 142, 309, 175]"
CarLongPlateGen103.jpg,HIREDIES,"[278, 188, 323, 207]"
CarLongPlateGen1057.jpg,51G-216.70,"[149, 232, 268, 270]"
CarLongPlateGen1067.jpg,51F-069.48,"[140, 50, 248, 89]"
CarLongPlateGen1075.jpg,48A-051.77,"[286, 244, 376, 276]"
CarLongPlateGen1095.jpg,51F-244.03,"[151, 136, 265, 173]"
CarLongPlateGen1123.jpg,51F-598.81,"[294, 251, 383, 284]"
CarLongPlateGen1123.jpg,51F-598.81,"[295, 251, 383, 284]"
CarLongPlateGen113.jpg,FIP890,"[281, 162, 326, 182]"
CarLongPlateGen115.jpg,51F324.88,"[212, 165, 277, 189]"
CarLongPlateGen1159.jpg,51A.691.72,"[221, 181, 330, 221]"
CarLongPlateGen1173.jpg,51F-244.03,"[197, 216, 302, 251]"
CarLongPlateGen1179.jpg,51G-513.32,"[209, 225, 322, 264]"
CarLongPlateGen1199.jpg,51F-311.18,"[201, 150, 302, 186]"
CarLongPlateGen1209.jpg,50LD-044.11,"[162, 116, 281, 157]"
CarLongPlateGen1223.jpg,51G-216.70,"[252, 218, 343, 250]"
CarLongPlateGen1233.jpg,516-429.71,"[154, 98, 267, 138]"
CarLongPlateGen1251.jpg,51A.721.10,"[145, 139, 268, 182]"
CarLongPlateGen1269.jpg,52P-5688,"[120, 109, 240, 150]"
CarLongPlateGen1279.jpg,51A-029.23,"[142, 96, 265, 139]"
CarLongPlateGen129.jpg,STF82000,"[260, 165, 312, 185]"
CarLongPlateGen1297.jpg,51G-473.40,"[257, 204, 340, 234]"
CarLongPlateGen131.jpg,51A-72078,"[183, 94, 248, 118]"
CarLongPlateGen1345.jpg,51G-222.37,"[213, 228, 329, 271]"
CarLongPlateGen1357.jpg,51C.513.32,"[215, 204, 329, 244]"
CarLongPlateGen1375.jpg,51A.775.29,"[190, 116, 307, 158]"
CarLongPlateGen1389.jpg,51G-495.39,"[282, 211, 393, 250]"
CarLongPlateGen1421.jpg,51F-617.12,"[207, 207, 291, 241]"
CarLongPlateGen1435.jpg,51A-961.41,"[139, 194, 270, 235]"
CarLongPlateGen1487.jpg,51F-069.48,"[213, 163, 320, 200]"
CarLongPlateGen1505.jpg,F-161.59,"[196, 189, 303, 228]"
CarLongPlateGen1547.jpg,51G.217.97,"[203, 182, 315, 220]"
CarLongPlateGen1577.jpg,51G-373.07,"[197, 213, 305, 248]"
CarLongPlateGen1591.jpg,93LD-001.03,"[229, 190, 336, 228]"
CarLongPlateGen1615.jpg,51F882.70,"[137, 93, 255, 134]"
CarLongPlateGen1633.jpg,51F-161.59,"[146, 229, 260, 268]"
CarLongPlateGen1639.jpg,60A-359.81,"[205, 72, 312, 109]"
CarLongPlateGen1661.jpg,51G-428.61,"[163, 127, 277, 165]"
CarLongPlateGen1679.jpg,51A-720.78,"[127, 111, 246, 152]"
CarLongPlateGen1695.jpg,51F-222.61,"[231, 161, 334, 199]"
CarLongPlateGen1725.jpg,510-100.39,"[239, 177, 345, 215]"
CarLongPlateGen1737.jpg,51F-446.14,"[192, 116, 311, 159]"
CarLongPlateGen1749.jpg,51F-244.03,"[194, 214, 300, 250]"
CarLongPlateGen1763.jpg,51F-590.11,"[215, 221, 331, 261]"
CarLongPlateGen1769.jpg,51F-026.87,"[208, 182, 314, 219]"
CarLongPlateGen179.jpg,616-51332,"[208, 169, 263, 195]"
CarLongPlateGen1801.jpg,G-011.77,"[203, 187, 314, 228]"
CarLongPlateGen1837.jpg,51F-617.12,"[284, 227, 373, 265]"
CarLongPlateGen1847.jpg,51G-510.08,"[171, 128, 287, 167]"
CarLongPlateGen1853.jpg,51A-961.41,"[273, 254, 364, 286]"
CarLongPlateGen1883.jpg,51F-132.51,"[163, 83, 278, 124]"
CarLongPlateGen1897.jpg,51F-582.14,"[143, 131, 258, 169]"
CarLongPlateGen1913.jpg,51A.052.27,"[217, 194, 331, 236]"
CarLongPlateGen193.jpg,BIGLOSHEN,"[214, 198, 262, 219]"
CarLongPlateGen1935.jpg,51A.554.33,"[231, 224, 344, 265]"
CarLongPlateGen1951.jpg,51A-961.41,"[136, 250, 249, 288]"
CarLongPlateGen1969.jpg,066.066.42,"[183, 190, 286, 228]"
CarLongPlateGen1979.jpg,51F-212.55,"[225, 206, 335, 243]"
CarLongPlateGen1993.jpg,51F-212.55,"[156, 246, 276, 287]"
CarLongPlateGen2011.jpg,51A-961.41,"[89, 176, 254, 223]"
CarLongPlateGen2027.jpg,47A-065.46,"[275, 225, 381, 261]"
CarLongPlateGen2039.jpg,51A-961.41,"[83, 270, 211, 303]"
CarLongPlateGen2043.jpg,51F.687.84,"[151, 173, 277, 227]"
CarLongPlateGen2063.jpg,51F-07973,"[269, 220, 383, 268]"
CarLongPlateGen2069.jpg,51F88270,"[280, 239, 404, 278]"
CarLongPlateGen2109.jpg,51F-598.81,"[340, 246, 452, 284]"
CarLongPlateGen2113.jpg,50LD-044.11,"[284, 229, 392, 272]"
CarLongPlateGen2141.jpg,51F-630.34,"[266, 173, 392, 218]"
CarLongPlateGen2179.jpg,51F-311.18,"[203, 226, 339, 303]"
CarLongPlateGen2217.jpg,51F-630.34,"[140, 2, 281, 54]"
CarLongPlateGen2227.jpg,60A-038.68,"[177, 178, 312, 231]"
CarLongPlateGen225.jpg,KIF-59081,"[278, 160, 336, 182]"
CarLongPlateGen2263.jpg,51G-011.77,"[204, 187, 307, 224]"
CarLongPlateGen229.jpg,BI639488,"[257, 203, 317, 224]"
CarLongPlateGen2297.jpg,1510/0071,"[236, 270, 351, 303]"
CarLongPlateGen2307.jpg,51F-06609,"[233, 144, 369, 194]"
CarLongPlateGen231.jpg,SIF-07923,"[246, 201, 297, 224]"
CarLongPlateGen2333.jpg,P56888,"[188, 200, 295, 268]"
CarLongPlateGen2343.jpg,51G.316.91,"[194, 175, 317, 233]"
CarLongPlateGen2347.jpg,51G-316.91,"[212, 176, 366, 235]"
CarLongPlateGen2351.jpg,51A-165.98,"[181, 198, 309, 237]"
CarLongPlateGen2371.jpg,51F-065.32,"[196, 239, 332, 285]"
CarLongPlateGen2377.jpg,62A-05772,"[257, 122, 380, 167]"
CarLongPlateGen241.jpg,61F-161.59,"[219, 154, 289, 179]"
CarLongPlateGen2429.jpg,51A.052.27,"[270, 167, 388, 237]"
CarLongPlateGen2451.jpg,51F-882.70,"[158, 145, 271, 181]"
CarLongPlateGen2465.jpg,51A-897.14,"[194, 181, 309, 221]"
CarLongPlateGen2469.jpg,51F-446.14,"[229, 166, 347, 210]"
CarLongPlateGen2477.jpg,51G.513.32,"[223, 206, 349, 249]"
CarLongPlateGen2493.jpg,F-04275,"[181, 171, 296, 210]"
CarLongPlateGen2519.jpg,51F-646.19,"[238, 184, 379, 235]"
CarLongPlateGen2567.jpg,51A-961.41,"[145, 244, 310, 300]"
CarLongPlateGen2587.jpg,61A-229.59,"[220, 134, 337, 188]"
CarLongPlateGen2607.jpg,51A.961.41,"[162, 186, 295, 234]"
CarLongPlateGen2615.jpg,516-439.47,"[172, 142, 311, 216]"
CarLongPlateGen2623.jpg,51F-155.85,"[198, 129, 307, 169]"
CarLongPlateGen2637.jpg,30V-3993,"[75, 176, 204, 223]"
CarLongPlateGen2669.jpg,29A-517.96,"[89, 172, 208, 214]"
CarLongPlateGen2675.jpg,51F-446.14,"[235, 173, 360, 219]"
CarLongPlateGen27.jpg,5IF73420,"[203, 143, 260, 166]"
CarLongPlateGen2713.jpg,51A.897.14,"[194, 196, 323, 259]"
CarLongPlateGen2725.jpg,51A-909.05,"[210, 65, 320, 113]"
CarLongPlateGen2733.jpg,51A-721.10,"[111, 198, 209, 241]"
CarLongPlateGen2761.jpg,51F-07973,"[289, 245, 404, 284]"
CarLongPlateGen2775.jpg,51F356.13,"[108, 98, 252, 148]"
CarLongPlateGen279.jpg,51A02872,"[189, 136, 254, 158]"
CarLongPlateGen2797.jpg,51F-789.04,"[121, 114, 267, 163]"
CarLongPlateGen2809.jpg,51F-155.85,"[160, 81, 277, 123]"
CarLongPlateGen2821.jpg,51F-222.61,"[75, 124, 193, 165]"
CarLongPlateGen2847.jpg,51F-617.12,"[113, 127, 234, 179]"
CarLongPlateGen2851.jpg,51A.691.72,"[103, 191, 232, 235]"
CarLongPlateGen287.jpg,616-01177,"[172, 133, 242, 156]"
CarLongPlateGen2889.jpg,51F-692.59,"[125, 169, 232, 212]"
CarLongPlateGen29.jpg,474-065.46,"[244, 113, 305, 134]"
CarLongPlateGen2907.jpg,51A-654.74,"[129, 153, 235, 206]"
CarLongPlateGen2919.jpg,5IF-795.12,"[267, 229, 364, 275]"
CarLongPlateGen2929.jpg,516-495.39,"[314, 222, 408, 268]"
CarLongPlateGen2935.jpg,47A-065.461,"[275, 215, 368, 263]"
CarLongPlateGen2967.jpg,516-216.70,"[130, 123, 252, 199]"
CarLongPlateGen2979.jpg,48A-051.77,"[179, 110, 298, 183]"
CarLongPlateGen3005.jpg,510-316.91,"[267, 162, 355, 214]"
CarLongPlateGen3033.jpg,51F-826.06,"[122, 129, 238, 207]"
CarLongPlateGen3053.jpg,48A-051.77,"[223, 170, 327, 211]"
CarLongPlateGen3057.jpg,61F-88270,"[185, 165, 290, 236]"
CarLongPlateGen3065.jpg,51A-69172,"[225, 138, 328, 212]"
CarLongPlateGen3099.jpg,51A-012.04,"[215, 101, 330, 175]"
CarLongPlateGen3117.jpg,50LD-04411,"[291, 212, 386, 262]"
CarLongPlateGen3135.jpg,51F-07973,"[183, 120, 311, 186]"
CarLongPlateGen3145.jpg,52Y-6490,"[105, 105, 233, 174]"
CarLongPlateGen3167.jpg,51A45974,"[118, 46, 229, 102]"
CarLongPlateGen3183.jpg,51G-100.96,"[293, 172, 378, 217]"
CarLongPlateGen3203.jpg,61051292,"[199, 247, 293, 303]"
CarLongPlateGen3221.jpg,51F-598.81,"[216, 176, 327, 229]"
CarLongPlateGen3231.jpg,51F-817.12,"[209, 113, 307, 183]"
CarLongPlateGen3241.jpg,62Y-6490,"[210, 159, 329, 227]"
CarLongPlateGen3253.jpg,60A-038.68,"[229, 189, 338, 269]"
CarLongPlateGen3279.jpg,51G-00672,"[215, 178, 319, 247]"
CarLongPlateGen329.jpg,51637307,"[234, 191, 287, 215]"
CarLongPlateGen3303.jpg,61A85325,"[251, 169, 362, 235]"
CarLongPlateGen3337.jpg,51A.691.72,"[187, 143, 310, 187]"
CarLongPlateGen3343.jpg,51G-513.32,"[195, 120, 322, 189]"
CarLongPlateGen3347.jpg,3DV-3983,"[141, 83, 254, 177]"
CarLongPlateGen3393.jpg,51F-069.48,"[205, 146, 310, 192]"
CarLongPlateGen3423.jpg,51F44614,"[233, 167, 347, 230]"
CarLongPlateGen3433.jpg,51F-15685,"[189, 146, 290, 216]"
CarLongPlateGen3447.jpg,1F-04275,"[214, 180, 309, 224]"
CarLongPlateGen3461.jpg,51A-724.4,"[239, 106, 354, 181]"
CarLongPlateGen3473.jpg,51A85325,"[238, 167, 341, 242]"
CarLongPlateGen3517.jpg,BIF-07073,"[193, 96, 305, 189]"
CarLongPlateGen3557.jpg,51A-897.14,"[224, 166, 328, 221]"
CarLongPlateGen3563.jpg,51B-21666,"[202, 115, 310, 185]"
CarLongPlateGen3573.jpg,50LD-044.11,"[189, 130, 314, 180]"
CarLongPlateGen3583.jpg,51A-720.78,"[157, 96, 281, 169]"
CarLongPlateGen3597.jpg,51F-22261,"[131, 159, 237, 229]"
CarLongPlateGen3613.jpg,51F-07973,"[245, 195, 360, 252]"
CarLongPlateGen3625.jpg,61A-229.59,"[227, 194, 338, 241]"
CarLongPlateGen3647.jpg,29A-517.96,"[181, 191, 299, 249]"
CarLongPlateGen3691.jpg,50LD-044.11,"[182, 167, 285, 202]"
CarLongPlateGen371.jpg,51807hbe,"[183, 178, 238, 197]"
CarLongPlateGen3737.jpg,51A-012.04,"[182, 64, 301, 128]"
CarLongPlateGen3747.jpg,51F-630.34,"[209, 107, 328, 169]"
CarLongPlateGen3753.jpg,510-510.08,"[304, 208, 399, 263]"
CarLongPlateGen3761.jpg,51F-244.03,"[173, 76, 287, 137]"
CarLongPlateGen3775.jpg,51F-048.77,"[158, 130, 281, 187]"
CarLongPlateGen3793.jpg,129A-23950,"[250, 216, 340, 272]"
CarLongPlateGen3801.jpg,151F-984-86,"[192, 210, 282, 272]"
CarLongPlateGen3817.jpg,60A-35981,"[273, 222, 360, 268]"
CarLongPlateGen3863.jpg,516.513.32,"[131, 216, 243, 259]"
CarLongPlateGen3875.jpg,51F-590.11,"[128, 255, 247, 296]"
CarLongPlateGen3881.jpg,51G.519.36,"[117, 247, 237, 299]"
CarLongPlateGen401.jpg,516-10098,"[241, 131, 289, 154]"
CarLongPlateGen429.jpg,S1F81270,"[181, 152, 239, 174]"
CarLongPlateGen445.jpg,510-21797,"[145, 98, 211, 125]"
CarLongPlateGen451.jpg,GITZ0262,"[162, 99, 229, 119]"
CarLongPlateGen469.jpg,1,"[240, 169, 283, 190]"
CarLongPlateGen473.jpg,61F-220.29,"[167, 132, 228, 157]"
CarLongPlateGen479.jpg,61F59881,"[180, 161, 242, 185]"
CarLongPlateGen497.jpg,5IF-88270,"[234, 127, 296, 148]"
CarLongPlateGen509.jpg,51,"[259, 166, 309, 186]"
CarLongPlateGen529.jpg,51F-15585,"[182, 144, 239, 168]"
CarLongPlateGen551.jpg,SIF-69881,"[158, 130, 211, 152]"
CarLongPlateGen585.jpg,5IF61212,"[141, 156, 206, 180]"
CarLongPlateGen601.jpg,516016.40,"[165, 120, 223, 142]"
CarLongPlateGen633.jpg,51E-16159,"[138, 228, 198, 250]"
CarLongPlateGen665.jpg,51A96141,"[150, 183, 219, 208]"
CarLongPlateGen67.jpg,51F-08948,"[160, 135, 232, 158]"
CarLongPlateGen681.jpg,51F-69545,"[195, 152, 261, 177]"
CarLongPlateGen7.jpg,511-86988,"[187, 141, 251, 164]"
CarLongPlateGen713.jpg,511-63034,"[197, 219, 254, 241]"
CarLongPlateGen727.jpg,604-36981,"[198, 128, 248, 151]"
CarLongPlateGen747.jpg,62405195,"[177, 122, 234, 145]"
CarLongPlateGen747.jpg,62405195,"[177, 122, 234, 146]"
CarLongPlateGen751.jpg,61A-39534,"[219, 127, 281, 149]"
CarLongPlateGen761.jpg,58260,"[157, 170, 203, 191]"
CarLongPlateGen765.jpg,GTA30001,"[214, 195, 279, 219]"
CarLongPlateGen795.jpg,51A90505,"[269, 170, 320, 193]"
CarLongPlateGen813.jpg,BIF-03532,"[179, 184, 233, 206]"
CarLongPlateGen829.jpg,5142722,"[232, 166, 282, 185]"
CarLongPlateGen837.jpg,bladz|2,"[216, 139, 270, 160]"
CarLongPlateGen857.jpg,511-753-26,"[184, 138, 261, 160]"
CarLongPlateGen869.jpg,20A-17:17:,"[279, 166, 337, 185]"
CarLongPlateGen887.jpg,28A73950,"[143, 89, 204, 112]"
CarLongPlateGen909.jpg,51A75932,"[294, 158, 347, 180]"
CarLongPlateGen925.jpg,511-568,"[187, 194, 239, 216]"
CarLongPlateGen939.jpg,61A6972,"[174, 171, 224, 192]"
CarLongPlateGen95.jpg,5IF-24.00,"[218, 161, 280, 183]"
CarLongPlateGen965.jpg,501-3681,"[181, 131, 229, 152]"
CarLongPlateGen999.jpg,51620636,"[130, 160, 191, 181]"
boderngoaigiao3.jpg,-41-291-NC-01,"[514, 333, 644, 391]"
boderngoaigiao9.jpg,-,"[266, 155, 306, 185]"
boderquandoi103.jpg,9,"[228, 257, 267, 289]"
boderquandoi107.jpg,-,"[318, 198, 346, 216]"
boderquandoi59.jpg,135D,"[271, 299, 309, 324]"
boderquandoi59.jpg,63063,"[558, 309, 605, 337]"
boderquandoi71.jpg,TH-52-73,"[241, 122, 377, 153]"
boderquandoi85.jpg,-,"[200, 228, 228, 250]"
brightnessngoaigiao15.jpg,BO-NG-,"[225, 252, 319, 288]"
brightnessquandoi103.jpg,KC,"[63, 326, 123, 375]"
brightnessquandoi11.jpg,DB-17-50,"[371, 179, 417, 207]"
brightnessquandoi23.jpg,AN-10-50,"[54, 99, 99, 124]"
brightnessquandoi71.jpg,TH-52-73,"[195, 112, 411, 178]"
brightnessquandoi97.jpg,BH-52-50,"[1228, 876, 1339, 941]"
brightnessquandoi97.jpg,AND,"[151, 1455, 204, 1489]"
cropquandoi31.jpg,OA-55-91,"[125, 616, 236, 666]"
cropquandoi83.jpg,BH-52-40,"[347, 209, 413, 243]"
cropquandoi83.jpg,4388821,"[584, 222, 643, 254]"
cropquandoi99.jpg,39-70,"[492, 262, 531, 305]"
cropquandoi99.jpg,-,"[19, 284, 49, 306]"
cropquandoi99.jpg,-,"[20, 284, 49, 306]"
ngoaigiao13.jpg,80-NG-011-04,"[77, 252, 294, 312]"
quandoi39.jpg,TM-27-23,"[71, 238, 108, 261]"
quandoi39.jpg,TM-27-26,"[224, 244, 285, 277]"
quandoi55.jpg,TH.72.20,"[257, 192, 323, 221]"
quandoi67.jpg,23-66,"[103, 122, 135, 150]"
quandoi73.jpg,BH-54-42,"[141, 444, 220, 480]"
quandoi79.jpg,BH-52-62,"[418, 265, 473, 294]"
quandoi79.jpg,THE,"[551, 254, 584, 286]"
quandoi79.jpg,A,"[85, 254, 119, 275]"
quandoi9.jpg,MH591,"[575, 239, 699, 313]"
rotatengoaigiao15.jpg,BO-NG-J-MES,"[235, 241, 332, 293]"
rotatequandoi105.jpg,H,"[211, 391, 245, 426]"
rotatequandoi23.jpg,AN-10-50,"[56, 104, 100, 132]"
rotatequandoi43.jpg,THE,"[370, 73, 405, 104]"
rotatequandoi43.jpg,TH-50-972,"[139, 193, 193, 238]"
rotatequandoi61.jpg,AB-50-03,"[275, 278, 324, 310]"
rotatequandoi9.jpg,MH591,"[560, 125, 686, 223]"
xemay1001.jpg,62.H5,"[158, 78, 260, 165]"
xemay1013.jpg,60-F1,"[180, 86, 272, 163]"
xemay1029.jpg,5106,"[198, 124, 307, 220]"
xemay1041.jpg,54-U5,"[182, 112, 277, 198]"
xemay1059.jpg,59-V2,"[193, 71, 284, 152]"
xemay1065.jpg,679.51,"[161, 59, 256, 138]"
xemay1083.jpg,110.73,"[142, 135, 233, 212]"
xemay1095.jpg,16-FZ,"[148, 123, 243, 202]"
xemay1109.jpg,59-CZ,"[136, 61, 238, 148]"
xemay1129.jpg,59-C2,"[162, 93, 261, 176]"
xemay1133.jpg,32817,"[255, 80, 357, 178]"
xemay1161.jpg,59-X1,"[162, 111, 266, 199]"
xemay1173.jpg,59.01,"[289, 91, 392, 189]"
xemay1191.jpg,59-K1,"[261, 129, 365, 221]"
xemay1209.jpg,59418,"[211, 78, 315, 169]"
xemay1213.jpg,59-F1,"[160, 89, 261, 176]"
xemay1231.jpg,830.13,"[128, 177, 225, 255]"
xemay1243.jpg,59-P2,"[164, 142, 263, 227]"
xemay1285.jpg,279.08,"[158, 123, 259, 207]"
xemay1305.jpg,131.73,"[170, 132, 280, 225]"
xemay1325.jpg,63.H5,"[271, 67, 372, 159]"
xemay1351.jpg,241.13,"[187, 85, 291, 173]"
xemay1369.jpg,69.01,"[193, 103, 295, 195]"
xemay1381.jpg,51559,"[230, 116, 329, 206]"
xemay1429.jpg,596.94,"[192, 194, 293, 277]"
xemay1441.jpg,59.$1,"[265, 134, 370, 230]"
xemay1483.jpg,81-U1,"[184, 44, 283, 129]"
xemay1509.jpg,924.11,"[188, 125, 288, 210]"
xemay1519.jpg,51-H3,"[130, 101, 230, 179]"
xemay1523.jpg,32267,"[208, 77, 311, 165]"
xemay153.jpg,54-$2,"[149, 108, 257, 200]"
xemay1559.jpg,59.$2,"[176, 122, 282, 212]"
xemay1565.jpg,29.81,"[227, 93, 324, 176]"
xemay1581.jpg,59-Y1,"[192, 105, 290, 196]"
xemay1593.jpg,51-H3,"[148, 66, 250, 152]"
xemay1611.jpg,29117,"[152, 123, 241, 195]"
xemay1617.jpg,59-VZ,"[168, 80, 262, 161]"
xemay1647.jpg,60.85,"[144, 114, 247, 205]"
xemay1661.jpg,65-X4,"[230, 157, 319, 236]"
xemay1667.jpg,225.93,"[213, 42, 312, 131]"
xemay1673.jpg,59-C1,"[241, 62, 329, 141]"
xemay1681.jpg,607.78,"[202, 138, 305, 224]"
xemay1685.jpg,55-P8,"[190, 119, 297, 213]"
xemay169.jpg,76-01,"[206, 94, 284, 160]"
xemay1697.jpg,59-V1,"[198, 103, 299, 192]"
xemay17.jpg,55723,"[226, 144, 334, 241]"
xemay1719.jpg,2426,"[165, 135, 266, 220]"
xemay1729.jpg,59.F1,"[151, 39, 256, 130]"
xemay1737.jpg,78.NZ,"[166, 110, 258, 190]"
xemay1761.jpg,36623,"[217, 89, 280, 141]"
xemay1783.jpg,60-88,"[263, 152, 344, 215]"
xemay1793.jpg,19374,"[147, 76, 219, 130]"
xemay1805.jpg,172.37,"[181, 148, 259, 213]"
xemay1823.jpg,54-58,"[164, 50, 236, 109]"
xemay1853.jpg,5036,"[179, 111, 258, 166]"
xemay1861.jpg,29729,"[238, 92, 298, 139]"
xemay187.jpg,79-T2,"[170, 109, 268, 193]"
xemay1905.jpg,59-E1,"[215, 118, 277, 166]"
xemay1937.jpg,55,"[199, 135, 249, 177]"
xemay1943.jpg,188,"[229, 113, 274, 151]"
xemay1977.jpg,503519,"[255, 147, 306, 189]"
xemay1997.jpg,55811,"[157, 93, 210, 132]"
xemay201.jpg,59-H1,"[155, 122, 256, 207]"
xemay2027.jpg,733933,"[151, 156, 207, 198]"
xemay2037.jpg,08058,"[213, 104, 277, 148]"
xemay2067.jpg,59NTR,"[240, 119, 286, 153]"
xemay2071.jpg,-,"[173, 124, 225, 163]"
xemay2093.jpg,51579,"[205, 145, 275, 191]"
xemay2117.jpg,59H1,"[123, 166, 174, 203]"
xemay2121.jpg,51,"[123, 121, 182, 169]"
xemay2141.jpg,49F1,"[180, 68, 232, 113]"
xemay2153.jpg,32428,"[208, 77, 279, 125]"
xemay2177.jpg,52:33,"[210, 154, 263, 201]"
xemay2181.jpg,9657,"[209, 152, 257, 196]"
xemay223.jpg,67-81,"[140, 88, 234, 172]"
xemay2243.jpg,07261,"[247, 166, 297, 206]"
xemay2267.jpg,59-ET,"[160, 152, 215, 202]"
xemay2299.jpg,60-82,"[255, 178, 322, 223]"
xemay2323.jpg,29660,"[194, 157, 262, 199]"
xemay2347.jpg,29565,"[244, 192, 300, 232]"
xemay2365.jpg,59.T1,"[243, 90, 300, 138]"
xemay237.jpg,59.C1,"[159, 71, 254, 151]"
xemay239.jpg,60-81,"[199, 147, 285, 218]"
xemay2405.jpg,59.12,"[271, 155, 332, 199]"
xemay243.jpg,61-C1,"[150, 101, 245, 182]"
xemay2443.jpg,ELLS,"[178, 141, 238, 181]"
xemay2477.jpg,59-V2,"[185, 126, 254, 182]"
xemay305.jpg,59-$1,"[196, 110, 280, 180]"
xemay309.jpg,57754,"[200, 73, 301, 162]"
xemay347.jpg,54469,"[209, 147, 303, 226]"
xemay365.jpg,280.32,"[177, 141, 260, 211]"
xemay373.jpg,59-K1,"[180, 148, 279, 233]"
xemay381.jpg,1223,"[250, 158, 338, 234]"
xemay395.jpg,59-11,"[246, 89, 350, 178]"
xemay405.jpg,54-11,"[168, 108, 267, 195]"
xemay421.jpg,613.86,"[191, 59, 279, 135]"
xemay439.jpg,175.50,"[138, 82, 233, 165]"
xemay447.jpg,59.52,"[176, 97, 270, 177]"
xemay455.jpg,59479,"[145, 110, 246, 199]"
xemay465.jpg,-749.39F,"[170, 160, 275, 246]"
xemay489.jpg,07320,"[255, 115, 361, 211]"
xemay493.jpg,135.09,"[156, 62, 252, 146]"
xemay501.jpg,255.21,"[159, 103, 244, 173]"
xemay543.jpg,59.N1,"[170, 158, 273, 246]"
xemay555.jpg,39373,"[154, 87, 256, 173]"
xemay567.jpg,59-N1,"[118, 70, 212, 153]"
xemay577.jpg,BIA,"[146, 102, 244, 185]"
xemay623.jpg,296.60,"[150, 137, 248, 219]"
xemay645.jpg,59.E1,"[201, 142, 300, 228]"
xemay649.jpg,77-V3,"[174, 70, 274, 156]"
xemay663.jpg,59-H1,"[195, 102, 297, 190]"
xemay711.jpg,59.PZ,"[189, 154, 291, 240]"
xemay727.jpg,51-MS,"[237, 67, 325, 151]"
xemay755.jpg,59.V1,"[153, 127, 252, 212]"
xemay761.jpg,52-52,"[174, 121, 258, 192]"
xemay773.jpg,305.77,"[108, 143, 216, 236]"
xemay789.jpg,59.C1,"[165, 143, 250, 216]"
xemay801.jpg,972.55,"[172, 66, 275, 154]"
xemay811.jpg,59-L1,"[204, 7, 306, 92]"
xemay843.jpg,59415,"[186, 145, 268, 214]"
xemay877.jpg,59-VA,"[185, 73, 284, 161]"
xemay881.jpg,230.83,"[169, 50, 272, 138]"
xemay893.jpg,59.U1,"[195, 122, 276, 191]"
xemay923.jpg,5D357,"[219, 72, 300, 144]"
xemay953.jpg,59-C1,"[190, 76, 284, 159]"
xemay979.jpg,32334,"[246, 135, 335, 216]"
xemay991.jpg,6830,"[161, 159, 261, 245]"
xemayBigPlate103.jpg,164.32,"[167, 215, 348, 349]"
xemayBigPlate109.jpg,5042,"[159, 228, 313, 345]"
xemayBigPlate125.jpg,3348,"[190, 191, 316, 285]"
xemayBigPlate125.jpg,65-H7,"[495, 190, 600, 274]"
xemayBigPlate169.jpg,83-F8,"[206, 198, 371, 314]"
xemayBigPlate207.jpg,67.AL,"[115, 116, 408, 343]"
xemayBigPlate229.jpg,65-HE,"[115, 116, 454, 365]"
xemayBigPlate229.jpg,65.HE,"[115, 118, 444, 364]"
xemayBigPlate35.jpg,1922,"[208, 207, 366, 323]"
xemayBigPlate65.jpg,(84-V1),"[139, 173, 302, 294]"
xemayBigPlate91.jpg,67T3,"[259, 253, 413, 365]"
